visit_date,user_id,category,amount
2023-09-22,I95BWMPB,Home & Kitchen,0.0
2023-09-07,C55WM72Q,Electronics,0.0
2023-11-21,WQZPWIZ1,Electronics,478.39
2023-02-25,3C5VZTWB,Clothing,0.0
2023-12-17,TN4C5CUL,Electronics,0.0
2023-07-02,IUHUU5V0,Books,264.4
2023-03-28,9QHV0ZHS,Electronics,0.0
2023-12-10,4RJXLMCZ,Sports,0.0
2023-07-28,N74A9U4B,Sports,0.0
2023-04-06,69YZ86SI,Sports,0.0
2023-05-03,6XYY8HUZ,Clothing,0.0
2023-03-25,U4O9DGTS,Books,439.27
2023-06-04,SJZT6YGY,Home & Kitchen,372.41
2023-02-24,8PBL0P8B,Books,0.0
2023-11-20,CAJP8471,Clothing,356.3
2023-02-15,S1DZD5FG,Clothing,462.18
2023-09-17,477LAD5A,Clothing,0.0
2023-04-21,IZ8JJ6UN,Clothing,275.64
2023-06-10,I6TQQ4HE,Beauty,0.0
2023-03-21,CR9EO57F,Beauty,0.0
2023-10-24,ZL7GICCQ,Books,417.82
2023-02-17,DA9HNRV8,Home & Kitchen,56.04
2023-07-28,X6EZFRS7,Clothing,0.0
2023-12-18,V60RDH22,Books,0.0
2023-02-25,GMCCH3IB,Clothing,0.0
2023-04-08,K8VJUCS5,Electronics,364.48
2023-10-21,Y34P5ONR,Electronics,0.0
2023-09-24,4EVCCCZN,Sports,0.0
2023-06-20,7WC6XAUG,Beauty,0.0
2023-02-13,IPHF9JFG,Books,0.0
2023-04-13,S5D6Q9QF,Beauty,0.0
2023-12-03,9O6TPPAN,Electronics,164.93
2023-09-07,LGPWC0KF,Electronics,0.0
2023-01-04,H1A6V9HO,Books,0.0
2023-12-10,I0MLNC7F,Electronics,0.0
2023-09-23,W7BPAM3B,Home & Kitchen,0.0
2023-05-09,NYI1IH0N,Books,468.11
2023-08-29,K9IEJOXC,Clothing,262.77
2023-09-15,GIQXTQ9O,Electronics,0.0
2023-01-08,2SASR7FI,Books,116.77
2023-08-23,C13QX63Q,Sports,0.0
2023-02-19,VTVJH9PK,Beauty,91.24
2023-06-11,APKFNDYT,Home & Kitchen,490.69
2023-07-11,YBJUJ4ZB,Electronics,0.0
2023-09-14,LB8QOF9E,Sports,489.43
2023-01-29,DOOL6CHE,Home & Kitchen,48.07
2023-12-16,OURJSRWP,Home & Kitchen,0.0
2023-10-31,5J9NJPG2,Home & Kitchen,0.0
2023-02-02,35CO6NRL,Books,62.95
2023-02-28,4IGVN5PZ,Beauty,153.76
2023-01-29,R53CP1RF,Beauty,0.0
2023-10-15,D406UCJQ,Books,0.0
2023-07-28,I9IT0CYV,Clothing,0.0
2023-08-04,YUPB3W1Z,Clothing,0.0
2023-08-16,HTYF2EEH,Home & Kitchen,0.0
2023-08-23,RSE8UKRF,Electronics,0.0
2023-10-24,1XSH0QBE,Electronics,0.0
2023-06-03,G705YK3Z,Beauty,231.41
2023-12-16,G7TK8XMR,Clothing,0.0
2023-09-01,OX1ZXXET,Books,0.0
2023-11-27,UH92QA8H,Clothing,0.0
2023-05-06,EAZMS41C,Home & Kitchen,0.0
2023-02-04,ICI7IFE7,Clothing,0.0
2023-01-21,UIPQAXM0,Electronics,0.0
2023-01-03,YROMGT8X,Home & Kitchen,0.0
2023-06-11,RC5T35DJ,Books,443.5
2023-05-28,UB51EYQK,Sports,0.0
2023-05-05,QK4NHGPX,Sports,421.06
2023-11-27,ILI3QLKN,Books,0.0
2023-09-18,YMRCD9RM,Home & Kitchen,0.0
2023-05-21,SKGSHC9C,Beauty,362.71
2023-10-13,58PGAS8W,Clothing,0.0
2023-04-26,9MPOKFPS,Clothing,0.0
2023-09-08,UQ0XYAA4,Sports,92.3
2023-07-19,ZW0N5TOW,Sports,334.37
2023-08-28,S123ZY9M,Books,0.0
2023-10-21,HE5Y6X91,Books,0.0
2023-03-03,O56QMTKP,Clothing,283.58
2023-11-26,MBWBCC6N,Electronics,0.0
2023-04-26,9GAKUB3V,Home & Kitchen,0.0
2023-12-11,5VVRVCPX,Beauty,0.0
2023-10-29,YJUKZZDQ,Home & Kitchen,292.43
2023-05-21,M35A4PHM,Clothing,0.0
2023-08-08,ET3XP47W,Beauty,0.0
2023-12-05,2505JW2W,Beauty,0.0
2023-12-07,U6BQM1RY,Books,0.0
2023-01-04,C14Z2J9N,Sports,0.0
2023-03-10,R5EPA4YH,Clothing,0.0
2023-07-06,ER8QHPUX,Sports,208.52
2023-01-29,CJG13VVW,Clothing,346.73
2023-05-28,UEHMLDPC,Books,287.35
2023-10-10,7PHT1KSR,Home & Kitchen,0.0
2023-02-14,96RJHL8R,Clothing,0.0
2023-11-11,ILXA12P0,Clothing,0.0
2023-08-12,EFMFQRCG,Beauty,41.16
2023-10-15,NY5XGL7J,Sports,0.0
2023-10-09,CE7VSVQM,Beauty,0.0
2023-08-23,KFWMNCU8,Books,0.0
2023-11-22,PUK6861K,Beauty,199.92
2023-06-03,6W07L8PB,Clothing,0.0
2023-04-07,CQ555HV5,Sports,443.9
2023-01-03,P51P7W0C,Books,355.28
2023-11-17,SEBKBV4Q,Electronics,0.0
2023-06-20,9GJMPLCA,Home & Kitchen,0.0
2023-09-04,E3UI96G4,Home & Kitchen,0.0
2023-04-13,XKPSMCTD,Sports,0.0
2023-09-27,266AGCEJ,Clothing,0.0
2023-08-08,MHOBG19M,Sports,0.0
2023-08-05,ABD6VI0Y,Home & Kitchen,0.0
2023-01-05,VO7FD568,Books,240.4
2023-03-02,QWB6593C,Electronics,0.0
2023-01-15,IIFKBMHS,Books,216.46
2023-10-08,IWP9R8UZ,Beauty,0.0
2023-04-24,UGDBM323,Home & Kitchen,0.0
2023-04-09,3XPISKRE,Clothing,0.0
2023-02-13,MUABX8WF,Beauty,0.0
2023-08-15,IOO0ID32,Electronics,0.0
2023-05-01,YP2124PH,Beauty,0.0
2023-12-17,MA5G4GLK,Electronics,22.73
2023-12-19,4UXZ1ZKD,Home & Kitchen,311.8
2023-01-12,XSSDRT6P,Beauty,414.39
2023-02-19,GBS17HPL,Books,226.61
2023-08-04,YX0IK98B,Clothing,0.0
2023-03-14,1ZTS3N4O,Electronics,468.66
2023-05-26,U4QIK71X,Electronics,0.0
2023-04-08,Q8KNYO29,Home & Kitchen,130.13
2023-12-12,ZPWCXK6C,Clothing,0.0
2023-07-14,BNYFXMOF,Books,0.0
2023-01-28,L4GM4BNI,Books,217.1
2023-04-15,OMRHGMMM,Beauty,346.83
2023-03-02,8O0MAA25,Clothing,342.54
2023-03-29,T4R4E7MZ,Sports,0.0
2023-09-02,UOYEKBUC,Books,211.74
2023-05-13,SMHNF8SX,Clothing,0.0
2023-04-10,JQ701MLX,Sports,0.0
2023-12-03,PQSTVGEC,Home & Kitchen,0.0
2023-07-20,GLXQTSA5,Beauty,0.0
2023-06-22,GMXZVV90,Clothing,0.0
2023-03-01,SSDYVGXV,Sports,149.11
2023-01-10,CA0M38RO,Books,0.0
2023-03-14,42Z1RXA0,Beauty,0.0
2023-03-11,4A6F4TZ0,Books,0.0
2023-03-11,NHC63BIC,Books,0.0
2023-11-12,KE4Y4XDM,Beauty,312.7
2023-03-25,EDU69YDN,Electronics,441.7
2023-11-26,CN9MQPOW,Books,0.0
2023-07-24,MW2ZCRAM,Beauty,129.19
2023-08-16,IC2ZQ1PF,Sports,0.0
2023-03-28,KYLKM30S,Sports,0.0
2023-01-24,6R5AZLBA,Books,113.43
2023-11-10,XSE3JTOE,Clothing,352.66
2023-02-08,M3GGXB93,Clothing,0.0
2023-07-04,IE2UPNEM,Electronics,110.97
2023-11-10,RXDJZ1BX,Beauty,0.0
2023-09-07,MKQW6CX2,Sports,0.0
2023-02-22,TLMWM7NF,Home & Kitchen,0.0
2023-11-04,6A4XSN1O,Home & Kitchen,0.0
2023-01-11,8ZB85D15,Books,476.6
2023-04-02,CIEU3V0O,Books,0.0
2023-03-11,PQRKYZYO,Sports,81.9
2023-04-07,E5YDNH2Q,Sports,0.0
2023-09-12,YX6NJL1J,Books,49.97
2023-08-22,E12OE80A,Beauty,0.0
2023-12-30,XWEFDRG9,Electronics,0.0
2023-09-19,TMPPPNHJ,Electronics,229.13
2023-06-04,PDJQAV9C,Clothing,411.94
2023-10-01,87D6H2X6,Books,0.0
2023-06-24,9WTNCE7G,Sports,158.25
2023-03-19,7KWHONMC,Beauty,88.18
2023-10-29,DIL9NW3M,Sports,0.0
2023-05-15,5HYCO5MP,Beauty,0.0
2023-03-30,270DFRUL,Electronics,346.45
2023-06-11,7I3K4JJ2,Books,0.0
2023-09-12,MY57WV2L,Electronics,0.0
2023-10-21,BKSQS5X1,Electronics,0.0
2023-11-11,3LOJJO08,Beauty,432.26
2023-02-21,0BNNXTFH,Beauty,0.0
2023-12-21,K64LX1K0,Clothing,0.0
2023-10-26,FT4RDFVR,Books,0.0
2023-10-06,5XT6SDWY,Electronics,0.0
2023-01-02,UF12UX5V,Clothing,458.56
2023-02-04,LNVT43CE,Electronics,274.62
2023-08-22,QEW12ILZ,Beauty,0.0
2023-09-27,VUI9OUDO,Books,0.0
2023-08-07,9R5WSGEW,Home & Kitchen,0.0
2023-11-13,2YYW27TI,Home & Kitchen,0.0
2023-06-05,IQA8S649,Books,0.0
2023-04-24,VU1D1C8W,Sports,419.32
2023-11-25,STHUBOZ2,Beauty,0.0
2023-04-24,TJEBDSFU,Clothing,0.0
2023-09-06,WMA19TBK,Sports,0.0
2023-04-10,8U677S98,Books,0.0
2023-02-23,ZVPR4U7E,Electronics,0.0
2023-12-09,A2V50MRM,Electronics,0.0
2023-02-14,7KKPRCYA,Beauty,0.0
2023-12-20,DVV7VITL,Clothing,0.0
2023-06-17,SBVW6F7P,Home & Kitchen,0.0
2023-07-19,LDNB5ZZK,Electronics,415.59
2023-04-17,LH88MTA0,Home & Kitchen,0.0
2023-01-04,OU1YGIS5,Sports,206.55
2023-08-13,KZPE07UB,Clothing,418.35
2023-01-10,TM5WHOQS,Electronics,287.44
2023-09-13,6GGO7K04,Electronics,0.0
2023-07-06,7IHE80C7,Books,0.0
2023-07-23,5MSWEHVO,Home & Kitchen,145.57
2023-10-29,IIJQ8Z6C,Electronics,186.28
2023-10-25,E101GAMA,Clothing,0.0
2023-09-27,4J3XUL4R,Electronics,0.0
2023-02-17,6IY5V43L,Sports,0.0
2023-07-15,0JHZEY7J,Clothing,0.0
2023-02-03,HJ4M34JY,Electronics,0.0
2023-11-25,V2NTAWO1,Sports,16.47
2023-10-01,Z5M7SXQU,Home & Kitchen,0.0
2023-08-02,CB40I2I8,Beauty,190.71
2023-10-10,BNSND71Z,Home & Kitchen,0.0
2023-04-10,YOVYPSWS,Sports,33.69
2023-01-07,HE36KDXY,Electronics,0.0
2023-09-23,8PFCNVYS,Books,0.0
2023-05-18,TJZF6BTD,Clothing,0.0
2023-12-18,R08CQA6Y,Clothing,72.5
2023-10-13,IH71L1HY,Books,393.23
2023-09-25,F7MYRHHQ,Clothing,459.41
2023-12-10,KHEXE51M,Books,0.0
2023-04-15,HOUN1CRC,Home & Kitchen,0.0
2023-08-02,Y7872BQI,Beauty,0.0
2023-11-15,RCZJNPEN,Beauty,0.0
2023-09-12,77SE8FKD,Sports,151.91
2023-01-05,D54FV80G,Home & Kitchen,0.0
2023-02-13,1PBOSVCX,Sports,95.75
2023-04-22,20DBURXL,Beauty,0.0
2023-01-15,6QNGNR9M,Home & Kitchen,470.98
2023-08-21,BPNHDI34,Home & Kitchen,0.0
2023-03-12,6KPCLXOY,Sports,0.0
2023-02-20,R6GESHYK,Books,70.67
2023-02-22,4JC12PED,Beauty,0.0
2023-09-15,O4NP1HSX,Beauty,77.24
2023-08-01,3NZAY83U,Books,0.0
2023-02-11,L7N39A54,Home & Kitchen,0.0
2023-01-30,MYGIT26C,Home & Kitchen,0.0
2023-09-12,HJJAU07V,Beauty,0.0
2023-12-19,FQX8YA3L,Electronics,0.0
2023-08-07,QM5L1IVX,Books,0.0
2023-10-17,4CU8WU16,Books,0.0
2023-01-04,4OECSX8T,Electronics,0.0
2023-08-29,9HVLARDB,Books,0.0
2023-06-19,WPXFMUBQ,Electronics,0.0
2023-06-12,K55YGM42,Electronics,0.0
2023-06-30,Z86GJU1Q,Electronics,242.69
2023-07-06,PL6MFQFM,Home & Kitchen,0.0
2023-05-25,41U7XJ2H,Beauty,0.0
2023-08-28,6WD5TWL6,Home & Kitchen,0.0
2023-06-11,K8XMUVBU,Sports,0.0
2023-03-31,X796CLXB,Sports,0.0
2023-11-21,1XCY5W77,Clothing,0.0
2023-02-19,0VKWIY30,Home & Kitchen,368.68
2023-09-04,2FE3ZRXE,Beauty,148.67
2023-07-15,F3F59GLL,Beauty,321.48
2023-12-03,8U3KJCXN,Home & Kitchen,349.23
2023-04-30,WZS8DHEL,Beauty,0.0
2023-07-11,RZ7LX6PG,Sports,0.0
2023-01-03,69IFXMFG,Sports,0.0
2023-05-13,GTVWTSPK,Clothing,0.0
2023-06-15,I9QIOTGQ,Sports,0.0
2023-09-07,M9VYP42L,Home & Kitchen,402.98
2023-02-08,AW10BMK6,Books,0.0
2023-01-02,0JEKNYRU,Beauty,0.0
2023-07-25,PBRL1RK0,Books,0.0
2023-05-05,WHL7OEON,Sports,0.0
2023-07-29,4LV0RTDT,Electronics,205.02
2023-01-04,O5O73RAW,Clothing,0.0
2023-07-21,XBIUPBP9,Electronics,0.0
2023-07-20,QAZJVRAO,Home & Kitchen,29.61
2023-08-06,FL1BMYRW,Beauty,141.72
2023-09-13,UOWQT0SA,Electronics,0.0
2023-10-08,WWD0N6KH,Clothing,0.0
2023-01-30,OFY1XOR9,Beauty,0.0
2023-12-20,HXVAGJPL,Books,0.0
2023-05-29,MHEYLFV2,Home & Kitchen,344.66
2023-01-13,RBJZWWQ3,Beauty,0.0
2023-11-09,GWX9Z33N,Electronics,0.0
2023-10-22,EJHCSSI0,Books,0.0
2023-07-31,GKRTCJXT,Home & Kitchen,0.0
2023-03-03,KUCS9HQ5,Sports,40.52
2023-10-20,SEIDBWUY,Electronics,0.0
2023-04-05,J1SS7NTQ,Sports,0.0
2023-03-24,T9FKS5X1,Sports,389.8
2023-11-13,SJFBDYE5,Electronics,0.0
2023-12-25,HSKLK2CL,Home & Kitchen,132.99
2023-11-03,ZUTCW18M,Books,0.0
2023-03-20,YY7OLY3R,Sports,0.0
2023-11-20,O7P91N7F,Books,0.0
2023-01-22,9R4741NW,Sports,0.0
2023-02-02,BV32E6SP,Books,198.15
2023-08-10,BT73VHF2,Clothing,0.0
2023-03-17,PGGJ4BR6,Home & Kitchen,0.0
2023-05-17,4QD582P9,Electronics,273.54
2023-08-18,CZHYRNFM,Electronics,0.0
2023-07-12,B264RU9F,Sports,0.0
2023-03-10,6VNCHHQ0,Home & Kitchen,262.52
2023-01-16,B0K7CNCF,Sports,0.0
2023-04-11,HYQRKQGS,Beauty,0.0
2023-05-17,CCAQQE29,Home & Kitchen,0.0
2023-11-27,TTHZ1ZJR,Books,0.0
2023-12-30,5AYJ48BG,Beauty,149.14
2023-10-05,XM8ETBL3,Books,0.0
2023-07-28,AZVZVQP8,Sports,428.97
2023-01-03,UDD83552,Electronics,0.0
2023-07-24,JI9WH85P,Clothing,33.93
2023-04-21,T3KMZ71G,Electronics,173.65
2023-01-10,RXEEZXGG,Electronics,0.0
2023-03-05,NVD2SXU3,Clothing,0.0
2023-11-14,3OZCIY3J,Home & Kitchen,0.0
2023-03-24,ESRUHQCF,Beauty,0.0
2023-12-09,U55SU2D3,Clothing,152.01
2023-04-29,V2W65S1R,Clothing,0.0
2023-03-28,F5ICP7PE,Books,478.76
2023-09-17,CV6PNDLN,Books,0.0
2023-01-06,Q0REE730,Sports,0.0
2023-11-13,4HDGQH2W,Books,29.28
2023-11-10,G77XRDRQ,Electronics,0.0
2023-06-09,JK53TL1A,Sports,0.0
2023-03-20,OWPU9F9X,Electronics,0.0
2023-01-28,WG80KI60,Clothing,0.0
2023-03-12,CKMEPY8U,Electronics,0.0
2023-03-22,8EJUWI0S,Sports,0.0
2023-07-08,YPJJ3AJY,Clothing,82.29
2023-05-17,KSF3YORF,Home & Kitchen,0.0
2023-07-24,VOOTUIO2,Electronics,348.99
2023-04-01,L2VU5Z4X,Home & Kitchen,0.0
2023-08-26,J7NFF88G,Home & Kitchen,75.63
2023-09-22,FVIEXF9N,Home & Kitchen,125.92
2023-07-04,XRH8BGOL,Home & Kitchen,0.0
2023-12-11,YNHX4RKV,Books,0.0
2023-03-05,A3STW2B4,Electronics,0.0
2023-01-25,F8AS28DZ,Sports,0.0
2023-08-16,YKULVM45,Clothing,0.0
2023-04-01,JRX1Z8HY,Electronics,87.19
2023-04-03,LL42517N,Sports,0.0
2023-10-21,LM8I972P,Home & Kitchen,0.0
2023-12-06,2IUEVUM6,Electronics,0.0
2023-09-15,9MLXCT6E,Beauty,0.0
2023-06-22,MX7XVVK4,Beauty,0.0
2023-02-11,AV2WPS88,Clothing,46.39
2023-04-23,7CJT94GR,Beauty,0.0
2023-01-14,2W5KCMO5,Sports,0.0
2023-05-18,OVSGXT7E,Sports,0.0
2023-03-21,X8EZQU4S,Sports,0.0
2023-10-09,PA9T8OM4,Sports,0.0
2023-07-01,P0RIC4QS,Books,366.82
2023-05-28,KTV8TFIG,Electronics,0.0
2023-10-30,IIH5BKG0,Clothing,307.89
2023-05-04,ZT76X3A4,Clothing,0.0
2023-08-31,A3BSF825,Books,0.0
2023-06-06,LVBJ77RB,Clothing,0.0
2023-10-11,5WNJDEGW,Clothing,0.0
2023-03-16,ZOAHNWGU,Home & Kitchen,0.0
2023-06-15,KCBB3VTD,Sports,0.0
2023-02-24,YWO84PMV,Sports,0.0
2023-02-24,58YX9XB4,Beauty,376.66
2023-10-02,6HTE2WAT,Beauty,0.0
2023-08-28,68E66V5G,Beauty,234.97
2023-11-17,UWC23G4Y,Sports,0.0
2023-11-19,QY9HE7K4,Sports,0.0
2023-02-19,8VPMYSFC,Beauty,0.0
2023-03-05,ZWUFW61S,Books,0.0
2023-03-14,5C09FV8H,Home & Kitchen,480.51
2023-01-02,88STWZJE,Sports,22.33
2023-05-26,AD5TWAVR,Clothing,0.0
2023-10-03,VS3YOUEO,Electronics,0.0
2023-02-01,CLQ0T68N,Sports,281.89
2023-11-09,BO7DFFOQ,Beauty,0.0
2023-01-26,XZ5LVCOX,Home & Kitchen,0.0
2023-08-16,5Z7UBSXK,Electronics,0.0
2023-08-17,JB3NPELS,Books,0.0
2023-10-07,VL6STY0L,Sports,416.7
2023-03-13,R3R936JL,Beauty,0.0
2023-03-02,2MK7YEUO,Sports,0.0
2023-10-18,TOB0J8BK,Clothing,216.9
2023-02-22,WQ63J82W,Electronics,165.95
2023-10-21,NZF8M2MJ,Sports,0.0
2023-08-18,A4UT0PW6,Sports,0.0
2023-11-04,QHH1TT6I,Clothing,0.0
2023-04-23,VYSUMBP8,Clothing,0.0
2023-02-03,LEM0D8Z0,Beauty,90.66
2023-11-06,R99SF4SR,Home & Kitchen,0.0
2023-05-09,JY8OZK2T,Home & Kitchen,0.0
2023-09-18,M7W8515N,Home & Kitchen,0.0
2023-05-06,AOR3OV8I,Books,0.0
2023-10-07,FGY0EGV9,Books,0.0
2023-10-24,IDGOEX22,Home & Kitchen,0.0
2023-08-14,NF19BNDZ,Sports,0.0
2023-06-18,Y4X546MV,Home & Kitchen,0.0
2023-12-29,BTTFAOW8,Sports,298.57
2023-02-26,U1EVS9GN,Books,339.61
2023-11-16,Q3LXO380,Electronics,0.0
2023-11-02,IAELUC98,Books,225.08
2023-03-11,J8V0Z4MX,Books,0.0
2023-11-26,LO8M6MPH,Books,0.0
2023-03-15,4LK3SKH0,Clothing,0.0
2023-12-31,FYU8Z8K7,Sports,0.0
2023-03-07,UQUTQK6Z,Sports,0.0
2023-10-22,5Q2LW1F7,Electronics,0.0
2023-10-07,3FMMTIHG,Beauty,0.0
2023-06-03,XEBZWYF4,Home & Kitchen,0.0
2023-12-12,4RMXPMBX,Clothing,0.0
2023-10-30,2B22THH1,Home & Kitchen,0.0
2023-12-09,1NMB05FQ,Books,0.0
2023-02-24,JY3LEIOJ,Sports,341.6
2023-02-26,MIXWKOMZ,Sports,0.0
2023-02-01,8R4KYN7K,Clothing,0.0
2023-12-16,BT3Z8PQX,Home & Kitchen,0.0
2023-12-07,LDRWLDLA,Sports,0.0
2023-06-27,PI89HQE2,Home & Kitchen,0.0
2023-04-26,03DGWTEX,Electronics,0.0
2023-07-21,Z0PM77MV,Books,0.0
2023-10-06,RMN5JWY6,Books,0.0
2023-10-10,AOCVP2LG,Beauty,0.0
2023-10-20,P21PV18W,Sports,0.0
2023-03-19,C5KG67Z3,Books,42.26
2023-12-19,I4UR4XHO,Books,267.71
2023-10-30,EQMCD6P6,Clothing,0.0
2023-12-26,1VJUOMN1,Beauty,264.26
2023-10-27,NE1B4YPR,Sports,0.0
2023-04-09,HTSTSLOL,Home & Kitchen,416.73
2023-08-03,VY7I2QH1,Beauty,0.0
2023-08-21,Q0STAPQP,Books,378.27
2023-06-16,9KR4Y9G8,Clothing,0.0
2023-11-05,YBHM7TX7,Beauty,0.0
2023-07-09,N62P5HHJ,Beauty,485.77
2023-12-08,O8FOO9UB,Electronics,0.0
2023-01-21,WEQQ5SN9,Electronics,0.0
2023-03-18,SS7MJC9C,Sports,0.0
2023-10-02,C4WHNP5G,Electronics,0.0
2023-02-28,OZX27YTF,Electronics,0.0
2023-02-28,BHZL1YZ7,Books,323.91
2023-01-15,PZLR8XUG,Beauty,0.0
2023-02-12,V7JVYJKV,Electronics,0.0
2023-09-25,YLBPHZAG,Books,0.0
2023-03-09,GNE6YSVE,Clothing,0.0
2023-07-26,4YOHXWWI,Sports,0.0
2023-07-11,8XB9MMUZ,Home & Kitchen,140.2
2023-08-26,HHUTOIU0,Books,234.16
2023-02-02,805KVM8C,Sports,244.12
2023-05-29,GQ7XG04P,Beauty,0.0
2023-01-23,AOKEQA29,Clothing,0.0
2023-08-16,SBI61L2Y,Beauty,0.0
2023-11-07,2RLEGONF,Home & Kitchen,221.07
2023-06-27,XH2JSCIM,Sports,96.17
2023-09-02,KUI57CLB,Clothing,0.0
2023-12-03,MH2E303Q,Sports,373.36
2023-02-09,OX3KSXPW,Electronics,0.0
2023-12-17,08PM805F,Books,234.72
2023-11-13,W9B463R5,Electronics,0.0
2023-07-29,0CHZ06TD,Beauty,0.0
2023-07-22,UEVYR3YN,Books,0.0
2023-12-14,Y0P7MHLU,Home & Kitchen,0.0
2023-02-06,ATI1QMN6,Electronics,0.0
2023-11-18,3R2YBJQX,Beauty,0.0
2023-07-19,XKQNJY3V,Electronics,0.0
2023-01-29,2G7KJDHJ,Clothing,0.0
2023-04-07,GLXWIN6K,Sports,307.91
2023-04-16,0LS4A3Z5,Electronics,359.68
2023-09-02,0RG8CV7Z,Clothing,0.0
2023-11-07,1CFZLDD1,Books,0.0
2023-04-26,OTVSMMOF,Books,0.0
2023-06-18,ZARU2MMC,Beauty,0.0
2023-04-07,E50I8E9K,Books,0.0
2023-09-21,ZR1ZXVZQ,Electronics,0.0
2023-04-29,0MPETKRA,Beauty,0.0
2023-11-02,RFY7ARY1,Home & Kitchen,0.0
2023-12-27,6QOEONSN,Books,0.0
2023-12-11,6M80SDIW,Home & Kitchen,0.0
2023-05-04,T2IQLHJS,Beauty,0.0
2023-01-18,E3RQVLM3,Beauty,442.29
2023-05-26,P3OLMAT5,Sports,0.0
2023-11-12,4X0NS7ER,Sports,0.0
2023-12-04,DXYYFEFV,Electronics,259.87
2023-04-10,ARA3WGBK,Sports,0.0
2023-01-25,5S35LBMP,Beauty,0.0
2023-01-09,C02CFDUM,Books,0.0
2023-12-20,GIDJA8U3,Clothing,0.0
2023-01-09,ZEHB4XH2,Clothing,302.97
2023-12-03,45L3G593,Books,0.0
2023-09-29,VGU8MYM0,Electronics,0.0
2023-06-05,CJ80VZDF,Clothing,0.0
2023-10-06,XKY3GJ1L,Home & Kitchen,0.0
2023-05-27,JGY3M1EL,Clothing,0.0
2023-03-07,7E7ZV8M0,Books,0.0
2023-03-16,KLU0JTZB,Beauty,0.0
2023-09-16,JCFWEOUU,Home & Kitchen,370.9
2023-11-12,SHW38JDR,Books,0.0
2023-04-12,393632WM,Electronics,0.0
2023-10-10,AEV0GJ4E,Electronics,0.0
2023-09-04,YY40PVHT,Clothing,0.0
2023-08-07,S8N3NUGP,Beauty,0.0
2023-08-08,N9L7GRDY,Clothing,0.0
2023-11-28,W0GOYRYY,Clothing,0.0
2023-03-13,BCWXISJ3,Clothing,55.01
2023-07-23,4BT71LIQ,Electronics,0.0
2023-06-14,CD3RT49O,Beauty,0.0
2023-01-07,VQBDBHDV,Beauty,479.03
2023-04-22,X5C62M7I,Electronics,0.0
2023-03-27,HY6ZH9QF,Home & Kitchen,0.0
2023-04-29,ZH4FL587,Books,229.57
2023-07-04,YIHDRPIK,Sports,0.0
2023-08-18,5PHIPP37,Home & Kitchen,246.73
2023-08-29,Y68Z1PKI,Home & Kitchen,0.0
2023-11-30,BHZAS8YY,Electronics,125.28
2023-08-16,C2LJV7FT,Electronics,0.0
2023-02-08,P252AQH7,Home & Kitchen,449.45
2023-01-21,CW6RNNQV,Home & Kitchen,0.0
2023-08-31,O3BBCAQE,Clothing,140.4
2023-07-30,EGOMS787,Sports,0.0
2023-05-13,XFZON57D,Electronics,0.0
2023-07-12,DWC12D5Q,Electronics,0.0
2023-11-05,Y0QQ07OA,Electronics,24.69
2023-03-06,SH9OX9UN,Electronics,0.0
2023-04-25,GZZBIOGC,Home & Kitchen,495.41
2023-03-21,MON92XOL,Clothing,0.0
2023-10-25,B02I6JJZ,Electronics,0.0
2023-05-03,57A1T3UG,Sports,251.85
2023-04-12,OQZLVLVF,Electronics,251.06
2023-12-14,DO4K5HGT,Electronics,0.0
2023-07-16,YDF05DDJ,Sports,0.0
2023-04-09,T4X0ZNJU,Clothing,0.0
2023-06-09,OPLZHL1K,Sports,0.0
2023-01-02,KE8WB0SZ,Home & Kitchen,243.39
2023-06-26,I55FFO03,Home & Kitchen,0.0
2023-11-28,K00LH62Y,Electronics,0.0
2023-08-05,UQWUYQVA,Sports,0.0
2023-02-24,GO2F9SS2,Electronics,196.33
2023-09-13,Z63DFN6X,Beauty,214.51
2023-07-19,ZXDQ6ZNK,Sports,0.0
2023-05-24,84GO4WVC,Books,0.0
2023-06-19,L575E5FC,Electronics,0.0
2023-04-09,ZWMUIJ9T,Home & Kitchen,0.0
2023-09-24,JRZ9RU7Y,Sports,0.0
2023-06-09,3HNASO53,Home & Kitchen,0.0
2023-11-04,JV76UJC0,Sports,108.48
2023-04-03,6BCDVVFR,Home & Kitchen,143.19
2023-09-30,MY54UJKG,Sports,0.0
2023-10-17,CDUBMEWL,Beauty,0.0
2023-12-24,CH2S6QWL,Sports,0.0
2023-01-17,CSAN6L6Y,Books,0.0
2023-08-02,REITYDF9,Books,0.0
2023-12-06,73GW6K0G,Electronics,0.0
2023-10-17,COOM8H75,Clothing,0.0
2023-07-06,J4MGJS2A,Sports,110.67
2023-12-27,NNRTFTDC,Electronics,0.0
2023-12-03,T3XN7591,Sports,0.0
2023-10-14,RMWHYXHB,Clothing,0.0
2023-08-02,J6JGS96F,Electronics,0.0
2023-04-10,P64CTBMF,Clothing,0.0
2023-01-27,Q0XDW57O,Sports,241.37
2023-01-02,KTRQK5YJ,Clothing,0.0
2023-03-19,K643IEHA,Home & Kitchen,0.0
2023-10-30,EZG7NF26,Home & Kitchen,0.0
2023-07-05,1OA77TP5,Sports,341.5
2023-02-17,FCCDEBTV,Electronics,0.0
2023-04-28,A2K8GWKW,Sports,126.13
2023-03-01,4I09YBKW,Books,0.0
2023-07-20,EY12G15A,Books,0.0
2023-01-27,Q1LPLSN5,Home & Kitchen,0.0
2023-02-20,18VZ6SXJ,Books,115.24
2023-09-29,G2RYO53J,Clothing,0.0
2023-11-16,BWC6YRN4,Clothing,0.0
2023-01-29,6NQFIHF6,Books,275.9
2023-07-26,Q1MD206R,Clothing,0.0
2023-07-23,F4GMOJ4N,Electronics,0.0
2023-06-11,Q79BTDO9,Clothing,110.5
2023-03-03,NK2EIM46,Books,82.78
2023-06-17,A5S642RF,Home & Kitchen,0.0
2023-02-22,2Q0MLES7,Home & Kitchen,19.15
2023-01-13,A9QZUZ19,Sports,0.0
2023-07-22,HKB952SJ,Beauty,0.0
2023-02-24,02X5Y72C,Beauty,0.0
2023-08-11,T4HO9HKM,Electronics,272.89
2023-03-25,T783I5GM,Books,192.52
2023-06-21,AQ5ESBEP,Sports,0.0
2023-06-28,GVW0HP1R,Beauty,0.0
2023-05-26,6O3N430Q,Clothing,482.11
2023-02-28,4OED7JSL,Home & Kitchen,0.0
2023-05-16,WLS9BP32,Beauty,265.04
2023-07-17,0F1114BK,Books,0.0
2023-11-12,0QFTZ2SE,Electronics,0.0
2023-03-13,XWJS65X6,Clothing,103.05
2023-08-17,9NFYJAWU,Books,0.0
2023-09-29,DM82Y6A3,Clothing,336.26
2023-07-02,EJXE04KC,Electronics,0.0
2023-10-07,BO46OPM3,Books,478.66
2023-05-04,1ZZODK10,Books,0.0
2023-10-27,MZKLR767,Clothing,0.0
2023-08-01,JLVJD3NK,Home & Kitchen,443.72
2023-03-25,FF39B6CE,Clothing,0.0
2023-12-17,G8RGTNN1,Electronics,0.0
2023-02-24,K1K2TLYF,Sports,430.65
2023-05-18,SQ0MB9ZQ,Clothing,395.09
2023-03-22,4X7JK4MZ,Books,207.42
2023-10-30,97XSJ3I3,Electronics,0.0
2023-11-09,Y67DQCX3,Electronics,0.0
2023-04-18,VHSDORXT,Clothing,330.01
2023-03-19,ZYRIEEOP,Home & Kitchen,0.0
2023-02-07,YEZCU690,Books,371.8
2023-04-24,Y6JX0UVB,Home & Kitchen,0.0
2023-11-29,C8RA4SXF,Books,0.0
2023-01-12,OACLTFCP,Electronics,0.0
2023-04-22,ZV2C5WBM,Beauty,0.0
2023-02-20,ETXEHRRV,Clothing,389.58
2023-01-01,SWAULDDT,Sports,0.0
2023-04-25,K4BZQDSN,Beauty,0.0
2023-10-20,2M8PW6WS,Home & Kitchen,0.0
2023-04-19,C85VVCQK,Home & Kitchen,0.0
2023-04-24,IZ635W7Z,Books,282.61
2023-02-04,FO94KQAP,Books,0.0
2023-04-15,4IX3XPBA,Beauty,493.79
2023-02-03,33VXMV5F,Clothing,336.6
2023-07-20,IFIKB65X,Books,0.0
2023-06-01,MAHHRNCA,Electronics,0.0
2023-07-01,Q38PI6J4,Beauty,0.0
2023-05-02,LB5BGDKF,Beauty,0.0
2023-05-19,YBNHYYMS,Clothing,0.0
2023-09-29,FI3VB2YN,Sports,0.0
2023-04-17,6MFHZTHQ,Beauty,0.0
2023-08-05,GK8Z12XW,Clothing,0.0
2023-07-12,BCG4QHW7,Books,0.0
2023-11-19,XFX0DVJ9,Home & Kitchen,0.0
2023-04-15,6YEYL49W,Home & Kitchen,0.0
2023-03-26,VOP0NWYY,Beauty,146.96
2023-03-29,HIBB3ZGO,Books,123.58
2023-03-06,FXHZGGEU,Electronics,0.0
2023-11-15,44WFNU7X,Beauty,0.0
2023-09-06,DGP1A6XG,Books,103.14
2023-02-16,71DTQU6R,Beauty,0.0
2023-10-03,HB1LAM3C,Clothing,249.24
2023-08-13,LBOI6P36,Electronics,0.0
2023-10-29,ONI3V81C,Beauty,0.0
2023-10-15,5YTKXUXY,Sports,0.0
2023-06-15,R0I7APYZ,Books,0.0
2023-04-04,TAXL5K5E,Home & Kitchen,0.0
2023-04-29,K45YKQ03,Home & Kitchen,0.0
2023-10-05,YY6QX7C7,Home & Kitchen,415.99
2023-11-09,2Z9BBD2Z,Beauty,0.0
2023-07-10,PAX9AK0K,Beauty,0.0
2023-08-01,ME5GPM20,Home & Kitchen,0.0
2023-04-29,UWMML9J1,Books,329.85
2023-06-28,O3E6YIBX,Books,0.0
2023-02-28,PH8NRGE5,Home & Kitchen,0.0
2023-03-04,CZZIIACD,Beauty,0.0
2023-06-13,GZ66MQRY,Beauty,273.72
2023-07-11,LL1VRARC,Home & Kitchen,0.0
2023-04-13,4YX17N5K,Sports,0.0
2023-02-07,7GRSSPZ4,Clothing,207.97
2023-02-18,KAQGLB4Q,Home & Kitchen,199.77
2023-11-03,F6LOQZWJ,Sports,319.24
2023-12-03,AMZHYA3K,Beauty,0.0
2023-01-15,NWG921ST,Clothing,0.0
2023-07-27,93DX4OG8,Home & Kitchen,0.0
2023-03-11,BQ0M65XQ,Sports,426.96
2023-11-30,QTOVKU4K,Sports,0.0
2023-11-16,H6TK10IB,Electronics,0.0
2023-12-30,TYN21UY1,Electronics,0.0
2023-11-03,5KJ8CTP4,Sports,0.0
2023-10-27,DDMY0JNT,Electronics,353.43
2023-11-07,QTP5BM4K,Electronics,0.0
2023-06-29,LJA56OBF,Beauty,0.0
2023-01-09,A08E6M0B,Books,160.13
2023-11-18,5MEJBRIQ,Beauty,196.2
2023-06-20,MMGPDJJ9,Beauty,0.0
2023-01-22,E3HGLPQ2,Home & Kitchen,0.0
2023-08-05,4FOWH2PI,Clothing,0.0
2023-02-07,XO5KNPWA,Books,0.0
2023-03-22,OU4QPIL3,Home & Kitchen,441.02
2023-03-25,14253YBX,Clothing,0.0
2023-03-04,RU9LMBKW,Books,0.0
2023-09-02,RJPDSNWI,Clothing,0.0
2023-05-20,PGHMN6W8,Clothing,97.85
2023-08-26,HNZT9NAM,Home & Kitchen,0.0
2023-03-07,KUZ6TKB7,Books,128.71
2023-09-03,O6RU3TRZ,Sports,0.0
2023-12-18,WIWGFAZO,Beauty,0.0
2023-03-07,EOVITD3L,Electronics,0.0
2023-08-30,M7ELFYX5,Sports,0.0
2023-08-01,JA79FQWR,Home & Kitchen,158.68
2023-11-20,QAHHJXOQ,Electronics,0.0
2023-08-01,FTKJ42VO,Books,0.0
2023-12-24,FYWTQIB6,Beauty,266.76
2023-11-14,DTI8WMUE,Electronics,212.96
2023-06-16,81PXA6W9,Books,0.0
2023-06-21,SO5TH4L0,Home & Kitchen,0.0
2023-06-26,KN6930PQ,Clothing,0.0
2023-04-05,KUK4JKFZ,Clothing,0.0
2023-02-14,MH9ENC49,Clothing,0.0
2023-03-09,C9BE9WFS,Home & Kitchen,60.32
2023-07-14,JAA5TXZ5,Books,0.0
2023-11-03,MFN0HSEU,Beauty,0.0
2023-07-19,5ZF2DBMC,Electronics,302.21
2023-01-21,VBI08P2I,Clothing,0.0
2023-02-04,NMYNTOCN,Sports,0.0
2023-01-10,PH2LJL3U,Sports,0.0
2023-10-30,BAHNIHJC,Home & Kitchen,0.0
2023-04-27,AECQ21WG,Home & Kitchen,0.0
2023-05-25,FLRPF3J6,Beauty,121.73
2023-12-18,BQET31NP,Beauty,126.65
2023-11-16,X6Q6KU3Q,Books,269.7
2023-05-06,BDX1BNRS,Sports,0.0
2023-04-08,H65CL3A2,Electronics,0.0
2023-08-11,TXJIFV7K,Sports,0.0
2023-08-31,HW9WFW0P,Books,0.0
2023-12-24,9UAHSKJ0,Books,323.02
2023-04-10,0NBJ92SI,Clothing,0.0
2023-12-18,BZJSGC36,Sports,0.0
2023-07-18,LOWF52L7,Home & Kitchen,0.0
2023-11-03,Z4Z10BEV,Beauty,0.0
2023-11-05,7A93JL4C,Clothing,0.0
2023-05-06,BMYAMEZZ,Home & Kitchen,0.0
2023-02-09,3BACR72Z,Electronics,140.24
2023-06-29,ZIQF3YDL,Books,116.82
2023-01-25,TUC9Z1BJ,Electronics,0.0
2023-03-16,DW0SNAT1,Clothing,0.0
2023-09-07,JWS8KVNP,Books,269.74
2023-05-24,BU35EME3,Electronics,0.0
2023-05-01,ADLLW5M0,Electronics,0.0
2023-09-21,DJM0ZOEQ,Beauty,427.74
2023-05-24,XEAB5JMO,Books,0.0
2023-06-04,DFXE1ZDU,Electronics,0.0
2023-11-12,M4Q6B0WP,Sports,369.85
2023-08-09,FTM37A9D,Electronics,0.0
2023-07-28,M9XJS0QV,Beauty,0.0
2023-08-22,3BLXXH43,Sports,0.0
2023-05-01,4W7P6V4H,Clothing,498.94
2023-04-04,MLAVVBH4,Electronics,0.0
2023-12-24,U3MQP8Q2,Books,237.37
2023-01-01,M8PI872L,Books,0.0
2023-06-16,GLEEK7CF,Beauty,0.0
2023-05-31,D90YYIN3,Books,0.0
2023-02-18,7NAAVEI1,Clothing,102.64
2023-06-07,KCBTG4I6,Electronics,0.0
2023-06-25,T9LZVZ5R,Books,0.0
2023-02-15,3WLZ5U63,Beauty,0.0
2023-06-04,FUANGOH5,Clothing,0.0
2023-01-25,NPKOGNGF,Sports,199.97
2023-09-26,AVPYQUSS,Electronics,0.0
2023-12-26,7KGW5ZBN,Beauty,0.0
2023-07-26,TUBEYUNO,Home & Kitchen,0.0
2023-03-26,UAGWEXGR,Home & Kitchen,0.0
2023-06-25,JXEIKBHK,Sports,0.0
2023-03-26,AEN89Y32,Home & Kitchen,0.0
2023-04-18,LFW0C8QV,Clothing,82.09
2023-08-09,YQ3EY0WF,Books,252.72
2023-06-22,QYJ9YIIQ,Clothing,0.0
2023-08-26,HFNUAIL9,Books,0.0
2023-02-16,1PDQEWIS,Home & Kitchen,0.0
2023-05-01,UPIY5QJW,Home & Kitchen,0.0
2023-12-28,GMGWI9BA,Home & Kitchen,378.21
2023-11-02,1MC9JBE9,Clothing,0.0
2023-10-01,ANMNNZN1,Clothing,0.0
2023-05-06,3OICRMCY,Home & Kitchen,0.0
2023-07-04,G002YNNP,Sports,0.0
2023-02-15,BSKG2WR2,Clothing,306.41
2023-04-04,VQAE4WDA,Electronics,0.0
2023-10-30,GK49ASNA,Clothing,0.0
2023-03-03,M4KKKGMO,Books,0.0
2023-05-12,VM79F2JY,Books,61.53
2023-08-23,B6JXT6P1,Sports,344.71
2023-03-16,BNV2O34W,Beauty,87.0
2023-09-15,B5KKWYMO,Clothing,0.0
2023-05-01,OU0B6DX1,Clothing,0.0
2023-05-03,C9NULIYE,Clothing,0.0
2023-03-28,LN08QFB3,Electronics,0.0
2023-04-25,498M7RZZ,Beauty,0.0
2023-03-04,T8BFJHKE,Home & Kitchen,0.0
2023-05-15,M32F6LJE,Home & Kitchen,15.2
2023-12-05,0J13TNR6,Books,126.15
2023-08-28,9TT28TRP,Books,0.0
2023-01-10,M0N9MEBD,Home & Kitchen,0.0
2023-08-27,LGXI1UTO,Books,49.53
2023-09-03,Y8120MDC,Home & Kitchen,0.0
2023-02-15,AYZMZ1TL,Clothing,0.0
2023-12-21,H3WE0A7Y,Sports,0.0
2023-09-18,H84N8MMC,Books,0.0
2023-08-08,26XIM3UM,Sports,189.37
2023-10-09,E6RMKLF0,Books,210.51
2023-04-04,UBGVGJJS,Home & Kitchen,0.0
2023-07-21,RZHYVE2Q,Books,0.0
2023-04-10,1EYEQU3Z,Books,0.0
2023-09-19,12FW0EPR,Beauty,0.0
2023-08-02,2PUB9ZHQ,Beauty,251.95
2023-01-04,3Z9UUN2E,Books,0.0
2023-04-23,I51K6Q8X,Home & Kitchen,348.22
2023-09-26,0OPAWKFH,Electronics,0.0
2023-08-24,B9FTIAYF,Books,0.0
2023-10-06,RI2JPLPG,Beauty,0.0
2023-10-23,BJRG8VT8,Home & Kitchen,0.0
2023-09-12,5QFZROY9,Clothing,0.0
2023-02-09,875D0MI1,Sports,0.0
2023-12-18,64I3NT0Q,Home & Kitchen,474.09
2023-05-22,BEMXHW88,Clothing,49.56
2023-09-30,ZH3O9GXE,Books,0.0
2023-07-19,5X89BOFE,Home & Kitchen,0.0
2023-01-18,YJN73VUV,Sports,0.0
2023-03-13,QW1RPJYW,Sports,215.56
2023-10-13,BWS50BE8,Home & Kitchen,314.01
2023-04-06,QN3FW5HB,Beauty,0.0
2023-07-17,YEJWMON4,Home & Kitchen,0.0
2023-01-09,UA9PUMXJ,Sports,89.2
2023-06-08,AT5BC5ST,Sports,0.0
2023-04-11,6CRPDPCF,Clothing,0.0
2023-04-01,KZ4J31S4,Home & Kitchen,0.0
2023-04-26,OOE3UZ4K,Books,0.0
2023-07-15,SFQWSWS7,Electronics,0.0
2023-01-18,TK9JJMSJ,Beauty,0.0
2023-05-17,7N0KYXV5,Home & Kitchen,0.0
2023-12-25,35JYCN3B,Beauty,0.0
2023-09-13,06LTYY15,Sports,0.0
2023-03-23,COAKAT6F,Clothing,468.79
2023-03-04,L5IO7A0D,Home & Kitchen,0.0
2023-02-14,KBWF0FZJ,Electronics,0.0
2023-04-03,ADUS4KVL,Beauty,0.0
2023-08-07,3R030QIY,Beauty,0.0
2023-01-10,DOOMAMC5,Sports,0.0
2023-05-12,W2LSVQEN,Clothing,0.0
2023-02-27,DFMSIXL2,Books,0.0
2023-09-08,KYQ3U6Q4,Books,489.8
2023-01-31,NP7FPUU3,Electronics,0.0
2023-04-18,SHARWF27,Electronics,484.61
2023-03-11,UFQSLSE6,Sports,158.18
2023-06-09,IRISVRZO,Clothing,0.0
2023-10-17,CLBO6H9G,Home & Kitchen,0.0
2023-08-20,HAK6HC89,Sports,0.0
2023-07-03,96BN07NV,Clothing,317.29
2023-12-26,JE1G0CPP,Books,0.0
2023-04-23,0EZ7ERC9,Beauty,296.63
2023-03-31,NPXA7L00,Home & Kitchen,433.86
2023-03-21,G5AL3DZC,Sports,0.0
2023-10-01,IO7LK4QK,Sports,0.0
2023-07-07,6OMNERM0,Clothing,12.85
2023-07-30,ABOB5BNU,Home & Kitchen,0.0
2023-12-20,LG4ZNXZU,Clothing,0.0
2023-12-28,08810BTH,Home & Kitchen,0.0
2023-12-09,TV4CWZXZ,Clothing,0.0
2023-01-03,K44Y1Z6G,Home & Kitchen,0.0
2023-05-23,5GD6OW4E,Beauty,0.0
2023-11-25,H4C1SXT9,Sports,0.0
2023-08-07,LJ4AVIIC,Electronics,0.0
2023-04-24,3HYPPEL5,Electronics,0.0
2023-03-05,SYD734TD,Books,0.0
2023-05-07,9S49QCJW,Sports,39.05
2023-10-28,SASSXAHA,Beauty,0.0
2023-08-14,SHITZWPO,Beauty,255.71
2023-10-09,P76NWWGR,Sports,0.0
2023-05-21,R0P8RETC,Beauty,406.15
2023-01-14,36WVGSZA,Home & Kitchen,126.54
2023-05-12,038WHK3H,Beauty,0.0
2023-12-02,BZGLC9DU,Home & Kitchen,289.94
2023-03-21,VXAX3OFU,Home & Kitchen,0.0
2023-09-02,WNTJNYYP,Beauty,0.0
2023-09-21,URB2ETB4,Electronics,0.0
2023-07-30,B093NLWR,Books,0.0
2023-01-17,IYHBIR5Y,Home & Kitchen,0.0
2023-06-20,ZNSWR01M,Clothing,0.0
2023-03-23,G26DT616,Books,256.45
2023-08-08,R17KM0UX,Sports,0.0
2023-01-11,ICJKF0IK,Electronics,0.0
2023-08-25,S1K7T2O4,Electronics,0.0
2023-01-13,EO8J9W1Z,Sports,202.69
2023-06-13,1KIPK8U2,Beauty,0.0
2023-08-29,6UXKFK55,Sports,0.0
2023-02-26,MWHWDZ8V,Beauty,0.0
2023-02-15,CPL9L9GI,Clothing,15.17
2023-03-30,0UP465KX,Home & Kitchen,0.0
2023-01-09,HL3QDR47,Beauty,0.0
2023-09-07,ZICLHGE8,Home & Kitchen,0.0
2023-02-26,XLQ9XB95,Beauty,0.0
2023-03-02,S1UZEJHG,Electronics,0.0
2023-06-28,7CMNNZQV,Books,0.0
2023-02-12,VS5WDKDB,Books,0.0
2023-06-01,BQQQQQU5,Electronics,0.0
2023-05-20,AJZEOQMH,Electronics,0.0
2023-01-17,EE7ORK8X,Electronics,113.76
2023-09-25,4VOX3MAU,Home & Kitchen,0.0
2023-01-19,XQA1BLMS,Electronics,0.0
2023-02-10,H5BZ70UN,Electronics,0.0
2023-09-11,PX3BAAQY,Electronics,0.0
2023-05-05,XSMC53WK,Home & Kitchen,192.58
2023-10-22,CCX2PH1Y,Books,448.32
2023-10-08,PIO5UC5X,Clothing,0.0
2023-05-25,U0SA9CX3,Electronics,372.61
2023-01-01,CXX2A52C,Clothing,0.0
2023-07-17,1F9BJWGN,Home & Kitchen,0.0
2023-08-26,FQTYWTOI,Home & Kitchen,293.33
2023-12-31,NAWE76K6,Home & Kitchen,0.0
2023-04-06,IMM7J3DG,Sports,0.0
2023-01-20,31PV6X8M,Books,0.0
2023-08-28,ZJJFAS2L,Books,0.0
2023-08-07,PX3MN49M,Clothing,0.0
2023-04-12,GS4JQN90,Books,350.83
2023-07-21,NKQ301QX,Home & Kitchen,0.0
2023-09-30,ASQK5I67,Clothing,0.0
2023-10-03,L4Q22LDY,Electronics,113.85
2023-11-13,VZL4Z108,Electronics,0.0
2023-05-20,HCSFDN67,Clothing,0.0
2023-05-20,T60AKINP,Books,0.0
2023-11-12,MX0YTX9W,Beauty,395.93
2023-05-19,7H7G8GI6,Home & Kitchen,315.12
2023-07-28,JRW3YRLF,Home & Kitchen,0.0
2023-07-21,01D52IH5,Books,55.45
2023-11-16,XJS7OV1U,Home & Kitchen,0.0
2023-09-05,4UKVP4E2,Beauty,0.0
2023-01-30,JODT9WK9,Electronics,0.0
2023-12-14,FUJEQNI3,Books,0.0
2023-08-03,IKVH639O,Clothing,0.0
2023-08-18,OPQDYQSI,Electronics,0.0
2023-06-08,JJ6GVN8Q,Books,0.0
2023-11-08,NY1W9UBY,Clothing,0.0
2023-01-11,78DZ6YHE,Clothing,0.0
2023-10-05,DVVXCCSC,Electronics,0.0
2023-01-12,ISMFQG2O,Beauty,189.42
2023-07-09,5SFY53FT,Books,0.0
2023-02-12,STGDBQF4,Clothing,0.0
2023-06-20,5VZLP8SQ,Home & Kitchen,496.62
2023-08-15,5C9LCTSR,Home & Kitchen,158.15
2023-11-30,NWUR0NVD,Beauty,0.0
2023-01-04,1UBBNGE0,Sports,316.92
2023-05-13,C6G4XEVH,Books,0.0
2023-05-31,3XRDP94T,Electronics,0.0
2023-11-25,AO3DVCEY,Beauty,0.0
2023-05-19,LRDNKO07,Clothing,0.0
2023-04-15,TXG5YD2M,Sports,0.0
2023-08-29,KFAA3H5H,Home & Kitchen,0.0
2023-07-22,54KJDXA3,Home & Kitchen,0.0
2023-10-26,799Q4EJR,Electronics,0.0
2023-10-08,SLOYA93R,Books,0.0
2023-07-27,5MRWPNE0,Beauty,0.0
2023-11-14,CFHZTR6C,Books,69.23
2023-02-07,BZM10WI0,Beauty,0.0
2023-01-27,PHECLV98,Electronics,0.0
2023-08-14,7LL262X7,Books,0.0
2023-07-19,F94RMCNJ,Electronics,406.44
2023-10-06,12GOV49T,Books,0.0
2023-03-21,WTMYJNM7,Electronics,0.0
2023-08-06,VS6BDP1E,Beauty,0.0
2023-06-12,JDY2950Y,Clothing,118.67
2023-10-06,T836GXFU,Sports,0.0
2023-08-21,4G5452KL,Electronics,0.0
2023-06-10,0C6WZCKC,Books,0.0
2023-03-21,7O562Q4A,Beauty,33.28
2023-04-17,SYJ93C1N,Sports,0.0
2023-03-26,RKWTI0OB,Electronics,349.18
2023-11-03,MO6U58AD,Home & Kitchen,0.0
2023-06-06,9Q39FBOO,Electronics,48.96
2023-08-05,OO7EM0YI,Sports,0.0
2023-12-29,V9HBQPDM,Books,0.0
2023-09-23,1MGGOLNM,Sports,0.0
2023-08-15,724AQKE3,Home & Kitchen,0.0
2023-03-25,ZCWUCU4Z,Clothing,0.0
2023-04-17,EJZXZDWP,Beauty,0.0
2023-08-15,7PS54GDF,Sports,0.0
2023-01-17,3TJC0XE5,Electronics,0.0
2023-01-12,1RFW5RE5,Beauty,315.42
2023-02-09,5EFVE7OS,Electronics,83.87
2023-06-27,5ALSF40R,Clothing,0.0
2023-01-16,LTFMS0V6,Electronics,0.0
2023-03-28,TFPPMMPP,Sports,0.0
2023-04-10,7C1IJLJE,Clothing,0.0
2023-04-02,2QWF19T7,Home & Kitchen,233.31
2023-12-24,8WWSC928,Beauty,0.0
2023-01-02,BY1SZ39N,Sports,0.0
2023-04-04,YCQ3OHLL,Home & Kitchen,0.0
2023-08-16,UOP1AYZY,Home & Kitchen,0.0
2023-01-23,JVEXN0XW,Books,50.61
2023-07-14,VZ4H2WXV,Home & Kitchen,0.0
2023-09-24,WOS5OVNY,Clothing,0.0
2023-10-19,M5PZPT43,Sports,0.0
2023-10-06,U70A75H0,Books,301.71
2023-12-17,DJSKSKXY,Sports,0.0
2023-01-20,FN0BYV0T,Beauty,335.69
2023-07-21,YBSPIZW8,Books,0.0
2023-10-14,3HD3GTSY,Sports,0.0
2023-10-13,KUHTPIVR,Home & Kitchen,0.0
2023-02-28,EA20HL4F,Books,0.0
2023-01-29,FO9XAZGH,Beauty,0.0
2023-01-29,9EQR6MDP,Books,0.0
2023-08-26,WYHO4BAO,Sports,0.0
2023-05-11,HQWXDGYE,Home & Kitchen,0.0
2023-09-15,KVRTG9V2,Clothing,0.0
2023-10-28,D54VXLZ4,Home & Kitchen,0.0
2023-04-14,V98YSFUT,Home & Kitchen,0.0
2023-07-25,VXFKOD3V,Beauty,0.0
2023-10-30,GDQI2GZ1,Books,0.0
2023-10-23,Q3E1IM1X,Electronics,0.0
2023-06-08,PZUXSSN0,Home & Kitchen,0.0
2023-08-12,UCIAJTV9,Electronics,491.62
2023-12-22,VM698XZ3,Electronics,390.13
2023-07-14,DXUG4VW0,Clothing,0.0
2023-02-23,S7NDD1NC,Books,0.0
2023-08-25,G30Q3ONJ,Home & Kitchen,0.0
2023-09-04,P7QEOGVJ,Beauty,0.0
2023-07-09,OBMZ3DYN,Books,354.7
2023-09-23,0EK425IV,Clothing,0.0
2023-11-19,VA08O442,Electronics,0.0
